,box 17,box 17,box 17,box 17
,min,max,qp value,qp value
A.5_pfail,6.151444931642075e-05,0.3140143622474688,,0.0
A.1_pfail,0.3395427067856819,0.9999601150085979,2.5499166993043987e-176,
A.2_pfail,0.09891447862561753,0.9999876402257111,1.7722675866686015e-31,
A.4_pfail,0.10478334222369302,0.9999511254809813,1.4506939566056245e-23,
