,box 11,box 11,box 11,box 11
,min,max,qp value,qp value
A.1_pfail,5.7580857970003854e-05,0.34852142511564244,,0.0
discount rate 2,"{1.5, 2.5, 3.5}","{1.5, 2.5, 3.5}",4.621244764152512e-47,
