,box 13,box 13,box 13,box 13
,min,max,qp value,qp value
A.3_pfail,0.02605578675866127,0.5216460591182113,,0.003957948667448363
A.5_pfail,0.08732373313978314,0.9890995919704437,0.39482206657306934,
A.1_pfail,0.07262400444597006,0.6265320121310651,0.577046793769815,0.006296750823218749
A.4_pfail,0.1282022800296545,0.6923860423266888,0.5946394174482543,0.23336472322608737
