,box 16,box 16,box 16,box 16
,min,max,qp value,qp value
A.5_pfail,2.9967166483402252e-05,0.3138106004334986,,0.0
A.3_pfail,0.2694482831284404,0.9999698391184211,0.0,
A.2_pfail,0.0998210646212101,0.9999273102730513,3.8070400799462325e-155,
A.4_pfail,0.10001048212870955,0.9999531852081418,5.290868135125584e-91,
