,box 15,box 15,box 15,box 15
,min,max,qp value,qp value
A.5_pfail,0.010521314106881618,0.29973752703517675,,5.779227342242095e-13
A.1_pfail,0.27898250240832567,0.9833438536152244,8.522706267861862e-05,
A.3_pfail,0.32462695660069585,0.951145688071847,0.01043007934089745,
A.2_pfail,0.10034346859902143,0.9601872768253088,0.022528399544939178,
