,box 16,box 16,box 16,box 16
,min,max,qp value,qp value
A.5_pfail,8.681766028480743e-05,0.30683399017042456,,5.355901845954906e-57
A.3_pfail,0.27708755805658103,0.9999417836664174,1.6774057956677616e-07,
A.2_pfail,0.09918030398951608,0.9995883721094124,0.036708664022482934,
A.4_pfail,0.09746723739020854,0.9997298972911907,0.0554454727760227,
