,box 13,box 13,box 13,box 13
,min,max,qp value,qp value
A.3_pfail,0.018542302772402763,0.2053988529369235,,1.2557479453357617e-20
A.2_pfail,0.053977170027792454,0.8340411190874875,,1.0
