,box 15,box 15,box 15,box 15
,min,max,qp value,qp value
A.5_pfail,0.018040239810943604,0.3549318122677505,,7.472939971224796e-09
A.4_pfail,0.2539119035936892,0.9792447481304407,0.0768372712953504,
A.3_pfail,0.11875321995466948,0.7733268775045872,0.11940861648511526,0.277871665382203
A.2_pfail,0.08879633480682969,0.972533455118537,0.19863768029452689,
A.1_pfail,0.09362830920144916,0.9853601912036538,0.46725164216092807,
