,box 14,box 14,box 14,box 14
,min,max,qp value,qp value
A.3_pfail,2.8043054044246674e-05,0.22884535556659102,,0.0
