,box 13,box 13,box 13,box 13
,min,max,qp value,qp value
A.3_pfail,0.001978314481675625,0.23322878824546933,,1.3980430391098587e-103
