,box 12,box 12,box 12,box 12
,min,max,qp value,qp value
A.3_pfail,0.0003940422808091947,0.2809752026511515,,3.6393390415944727e-95
