,box 16,box 16,box 16,box 16
,min,max,qp value,qp value
A.5_pfail,1.5904151010740935e-05,0.3480760860471815,,0.0
A.3_pfail,0.2758874475556286,0.9999813435907016,2.6747966857426477e-48,
A.2_pfail,0.19014409722323394,0.9999491554102701,2.2044917443225923e-24,
A.4_pfail,0.10281861399538832,0.9999543253772946,1.607438954898225e-05,
