,box 13,box 13,box 13,box 13
,min,max,qp value,qp value
A.3_pfail,0.024900670163333416,0.28881654562428594,,3.2583729460965577e-18
A.1_pfail,0.030235419049859047,0.8729036888107657,,0.02166404347835854
A.2_pfail,0.17253388790413737,0.9601872768253088,0.3877465347026652,
A.5_pfail,0.17831330187618732,0.8833409892395139,0.4101968025099302,0.16525921172698935
A.4_pfail,0.09195098234340549,0.9987159390002489,1.0,
