,box 12,box 12,box 12,box 12
,min,max,qp value,qp value
A.3_pfail,2.857408529791056e-05,0.2822673293882588,,0.0
