,box 13,box 13,box 13,box 13
,min,max,qp value,qp value
A.3_pfail,0.018499149940907955,0.20707074785605073,,6.990736604183409e-20
A.2_pfail,0.004499385133385658,0.7751448298804462,,1.0
