,box 15,box 15,box 15,box 15
,min,max,qp value,qp value
A.5_pfail,0.0001271422952413559,0.30043599801138043,,1.6009441941692414e-63
A.3_pfail,0.1787224654108286,0.99233737308532,4.842531176671996e-07,
A.2_pfail,0.107818937394768,0.9966691303998232,0.006243637222931577,
A.4_pfail,0.11002715863287449,0.9954144172370434,0.027770496681063496,
