,box 13,box 13,box 13,box 13
,min,max,qp value,qp value
A.3_pfail,0.0025460338220000267,0.2365696895867586,,4.424728995087278e-98
