,box 16,box 16,box 16,box 16
,min,max,qp value,qp value
A.5_pfail,6.500185793435066e-05,0.28038430202205666,,0.0
A.3_pfail,0.19409236105231192,0.9999588789767124,5.990955365003662e-28,
A.2_pfail,0.10042188400944721,0.9999891761108759,2.034608962257364e-08,
A.4_pfail,0.09933209869062765,0.9999992337739995,2.906767874679088e-06,
