A.5_DikeIncrease 0,0.290296
A.3_DikeIncrease 0,0.258514
EWS_DaysToThreat,0.085880
3_RfR 0,0.041527
3_RfR 2,0.039652
3_RfR 1,0.038201
2_RfR 0,0.019484
2_RfR 1,0.019108
2_RfR 2,0.019060
A.5_DikeIncrease 1,0.013320
