A.5_DikeIncrease 0,0.332626
EWS_DaysToThreat,0.190242
A.3_DikeIncrease 0,0.150017
3_RfR 2,0.035344
3_RfR 0,0.035287
3_RfR 1,0.034444
2_RfR 0,0.016865
2_RfR 2,0.015764
2_RfR 1,0.015215
A.5_DikeIncrease 1,0.010454
